fecha_reporte,nombre,provincia,fecha_inicio,estado,latitud,longitud,departamento,observaciones
12/02/2025,LA PUNTA,San Luis,12/02/2025,Extinguido (12/02/2025),33° 6' 9.79'' S,66° 11' 25.44'' O,Juan Martín de Pueyrredón,"Latitud: 33° 6' 9.79'' S, Longitud: 66° 11' 25.44'' O. - Depto.: Juan Martín de Pueyrredón. Pastizal: 100%. BB.VV. La Punta, Cuartel 2- BB. PL San Luís Quemado: 340 m2"
21/02/2025,Detecció 4 - Concaran,San Luis,21/02/2025,Activo,32° 34' 7.00'' S,65° 12' 36.80'' O,Chacabuco,"Latitud: 32° 34' 7.00'' S, Longitud: 65° 12' 36.80'' O. - Depto.: Chacabuco. [ Institución: otros. Institución: Polcía Ecológica y Ambiental. Tipo: rrhh. ]"
21/02/2025,Detección 1 - Unión,San Luis,21/02/2025,Activo,35° 40' 48.00'' S,65° 58' 12.00'' O,Gobernador Dupuy,"Latitud: 35° 40' 48.00'' S, Longitud: 65° 58' 12.00'' O. - Depto.: Gobernador Dupuy. [ Institución: otros. Institución: BB.VV. Unión. Tipo: rrhh. Subtipo: bomberos. ]"
21/02/2025,Detección 3 - Arizona,San Luis,21/02/2025,Activo,35° 45' 44.08'' S,65° 15' 58.79'' O,Gobernador Dupuy,"Latitud: 35° 45' 44.08'' S, Longitud: 65° 15' 58.79'' O. - Depto.: Gobernador Dupuy. [ Institución: otros. Institución: BB.VV. Buena Esperanza. Tipo: rrhh. Subtipo: bomberos. ]"
22/02/2025,Detecció 4 - Concaran,San Luis,21/02/2025,Contenido,32° 34' 7.00'' S,65° 12' 36.80'' O,Chacabuco,"Latitud: 32° 34' 7.00'' S, Longitud: 65° 12' 36.80'' O. - Depto.: Chacabuco. [ Institución: otros. Institución: Polcía Ecológica y Ambiental. Tipo: rrhh. ]"
22/02/2025,Detección 1 - Unión,San Luis,21/02/2025,Contenido,35° 40' 48.00'' S,65° 58' 12.00'' O,Gobernador Dupuy,"Latitud: 35° 40' 48.00'' S, Longitud: 65° 58' 12.00'' O. - Depto.: Gobernador Dupuy. [ Institución: otros. Institución: BB.VV. Unión. Tipo: rrhh. Subtipo: bomberos. ]"
22/02/2025,Detección 3 - Arizona,San Luis,21/02/2025,Contenido,35° 45' 44.08'' S,65° 15' 58.79'' O,Gobernador Dupuy,"Latitud: 35° 45' 44.08'' S, Longitud: 65° 15' 58.79'' O. - Depto.: Gobernador Dupuy. [ Institución: otros. Institución: BB.VV. Buena Esperanza. Tipo: rrhh. Subtipo: bomberos. ]"
23/02/2025,Detecció 4 - Concaran,San Luis,21/02/2025,Contenido,32° 34' 7.00'' S,65° 12' 36.80'' O,Chacabuco,"Latitud: 32° 34' 7.00'' S, Longitud: 65° 12' 36.80'' O. - Depto.: Chacabuco. [ Institución: otros. Institución: Polcía Ecológica y"
23/02/2025,Detección 1 - Unión,San Luis,21/02/2025,Contenido,35° 40' 48.00'' S,65° 58' 12.00'' O,Gobernador Dupuy,"Latitud: 35° 40' 48.00'' S, Longitud: 65° 58' 12.00'' O. - Depto.: Gobernador Dupuy. [ Institución: otros. Institución: BB.VV. Unión. Tipo: rrhh. Subtipo: bomberos. ]"
23/02/2025,Detección 2 - Los Cedros,San Luis,21/02/2025,Contenido,34° 7' 12.00'' S,65° 35' 60.00'' O,General Pedernera,"Latitud: 34° 7' 12.00'' S, Longitud: 65° 35' 60.00'' O. - Depto.: General Pedernera. [ Institución: otros. Institución: BB.VV. Justo Daract. Tipo: rrhh. Subtipo: bomberos. ]"
23/02/2025,Detección 3 - Arizona,San Luis,21/02/2025,Contenido,35° 45' 44.08'' S,65° 15' 58.79'' O,Gobernador Dupuy,"Latitud: 35° 45' 44.08'' S, Longitud: 65° 15' 58.79'' O. - Depto.: Gobernador Dupuy. [ Institución: otros. Institución: BB.VV. Buena Esperanza. Tipo: rrhh. Subtipo: bomberos. ]"
23/02/2025,Marrín de Loyola,San Luis,23/02/2025,Contenido,35° 15' 45.29'' S,66° 3' 40.32'' O,Gobernador Dupuy,"Latitud: 35° 15' 45.29'' S, Longitud: 66° 3' 40.32'' O. - Depto.: Gobernador Dupuy. [ Institución: otros. Institución: BB.VV. Unión, Buena Esperanza, Batavia, Justo Daract. Tipo: rrhh. Subtipo: bomberos. ]"
23/02/2025,Naschel,San Luis,23/02/2025,Extinguido (23/02 /2025),32° 59' 28.11'' S,65° 28' 52.34'' O,General Pedernera,"Latitud: 32° 59' 28.11'' S, Longitud: 65° 28' 52.34'' O. - Depto.: General Pedernera. [ Institución: otros. Institución: BB.VV. Naschel. Tipo: rrhh. Subtipo: bomberos. ]"
24/02/2025,Detecció 4 - Concaran,San Luis,21/02/2025,Contenido,32° 34' 7.00'' S,65° 12' 36.80'' O,Chacabuco,"Latitud: 32° 34' 7.00'' S, Longitud: 65° 12' 36.80'' O. - Depto.: Chacabuco. [ Institución: otros. Institución: BB.VV. Buena Esperanza. Tipo: rrhh. Subtipo: bomberos. ]"
24/02/2025,Detección 1 - Unión,San Luis,21/02/2025,Contenido,35° 40' 48.00'' S,65° 58' 12.00'' O,Gobernador Dupuy,"Latitud: 35° 40' 48.00'' S, Longitud: 65° 58' 12.00'' O. - Depto.: Gobernador Dupuy. [ Institución: otros. Institución: BB.VV. Unión. Tipo: rrhh. Subtipo: bomberos. ]"
24/02/2025,Detección 2 - Los Cedros,San Luis,21/02/2025,Contenido,34° 7' 12.00'' S,65° 35' 60.00'' O,General Pedernera,"Latitud: 34° 7' 12.00'' S, Longitud: 65° 35' 60.00'' O. - Depto.: General Pedernera. [ Institución: otros. Institución: BB.VV. Justo Daract. Tipo: rrhh. Subtipo: bomberos. ]"
24/02/2025,Detección 3 - Arizona,San Luis,21/02/2025,Contenido,35° 45' 44.08'' S,65° 15' 58.79'' O,Gobernador Dupuy,"Latitud: 35° 45' 44.08'' S, Longitud: 65° 15' 58.79'' O. - Depto.: Gobernador Dupuy. [ Institución: otros. Institución: BB.VV. Buena Esperanza. Tipo: rrhh. Subtipo: bomberos. ]"
24/02/2025,Marrín de Loyola,San Luis,23/02/2025,Contenido,35° 15' 45.29'' S,66° 3' 40.32'' O,Gobernador Dupuy,"Latitud: 35° 15' 45.29'' S, Longitud: 66° 3' 40.32'' O. - Depto.: Gobernador Dupuy. [ Institución: otros. Institución: BB.VV. Unión, Buena Esperanza, Batavia, Justo Daract. Tipo: rrhh. Subtipo: bomberos. ]"
24/02/2025,San Martín,San Luis,20/02/2025,Extinguido (24/02 /2025),32° 28' 2.59'' S,65° 30' 51.95'' O,Libertador General San Martín,"Latitud: 32° 28' 2.59'' S, Longitud: 65° 30' 51.95'' O. - Depto.: Libertador General San Martín. [ Institución: otros. Institución: BB.VV. San Martín, Concarán, Tilisarao. Tipo: rrhh. Subtipo: bomberos. ]"
25/02/2025,Detecció 4 - Concaran,San Luis,21/02/2025,Contenido,32° 34' 7.00'' S,65° 12' 36.80'' O,Chacabuco,"Latitud: 32° 34' 7.00'' S, Longitud: 65° 12' 36.80'' O. - Depto.: Chacabuco. [ Institución: otros. Institución: Polcía Ecológica y Ambiental. Tipo: rrhh. ]"
25/02/2025,Detección 1 - Unión,San Luis,21/02/2025,Contenido,35° 40' 48.00'' S,65° 58' 12.00'' O,Gobernador Dupuy,"Latitud: 35° 40' 48.00'' S, Longitud: 65° 58' 12.00'' O. - Depto.: Gobernador Dupuy. [ Institución: otros. Institución: BB.VV. Unión. Tipo: rrhh. Subtipo: bomberos. ]"
25/02/2025,Detección 2 - Los Cedros,San Luis,21/02/2025,Contenido,34° 7' 12.00'' S,65° 35' 60.00'' O,General Pedernera,"Latitud: 34° 7' 12.00'' S, Longitud: 65° 35' 60.00'' O. - Depto.: General Pedernera. [ Institución: otros. Institución: BB.VV. Justo Daract. Tipo: rrhh. Subtipo: bomberos. ]"
25/02/2025,Detección 3 - Arizona,San Luis,21/02/2025,Contenido,35° 45' 44.08'' S,65° 15' 58.79'' O,Gobernador Dupuy,"Latitud: 35° 45' 44.08'' S, Longitud: 65° 15' 58.79'' O. - Depto.: Gobernador Dupuy. [ Institución: otros. Institución: BB.VV. Buena Esperanza. Tipo: rrhh. Subtipo: bomberos. ]"
25/02/2025,Marrín de Loyola,San Luis,23/02/2025,Contenido,35° 15' 45.29'' S,66° 3' 40.32'' O,Gobernador Dupuy,"Latitud: 35° 15' 45.29'' S, Longitud: 66° 3' 40.32'' O. - Depto.: Gobernador Dupuy. [ Institución: otros. Institución: BB.VV. Unión, Buena Esperanza, Batavia, Justo Daract. Tipo: rrhh. Subtipo: bomberos. ]"
27/02/2025,Detecció 4 - Concaran,San Luis,21/02/2025,Contenido,32° 34' 7.00'' S,65° 12' 36.80'' O,Chacabuco,"Latitud: 32° 34' 7.00'' S, Longitud: 65° 12' 36.80'' O. - Depto.: Chacabuco. [ Institución: otros. Institución: Polcía Ecológica y Ambiental. Tipo: rrhh. ]"
27/02/2025,Detección 1 - Unión,San Luis,21/02/2025,Contenido,35° 40' 48.00'' S,65° 58' 12.00'' O,Gobernador Dupuy,"Latitud: 35° 40' 48.00'' S, Longitud: 65° 58' 12.00'' O. - Depto.: Gobernador Dupuy. [ Institución: otros. Institución: BB.VV. Unión. Tipo: rrhh. Subtipo: bomberos. ]"
27/02/2025,Detección 2 - Los Cedros,San Luis,21/02/2025,Contenido,34° 7' 12.00'' S,65° 35' 60.00'' O,General Pedernera,"Latitud: 34° 7' 12.00'' S, Longitud: 65° 35' 60.00'' O. - Depto.: General Pedernera. [ Institución: otros. Institución: BB.VV. Justo Daract. Tipo: rrhh. Subtipo: bomberos. ]"
27/02/2025,Detección 3 - Arizona,San Luis,21/02/2025,Contenido,35° 45' 44.08'' S,65° 15' 58.79'' O,Gobernador Dupuy,"Latitud: 35° 45' 44.08'' S, Longitud: 65° 15' 58.79'' O. - Depto.: Gobernador Dupuy. [ Institución: otros. Institución: BB.VV. Buena Esperanza. Tipo: rrhh. Subtipo: bomberos. ]"
27/02/2025,Marrín de Loyola,San Luis,23/02/2025,Contenido,35° 15' 45.29'' S,66° 3' 40.32'' O,Gobernador Dupuy,"Latitud: 35° 15' 45.29'' S, Longitud: 66° 3' 40.32'' O. - Depto.: Gobernador Dupuy. [ Institución: otros. Institución: BB.VV. Unión, Buena Esperanza, Batavia, Justo Daract. Tipo: rrhh. Subtipo: bomberos. ]"
28/02/2025,Detecció 4 - Concaran,San Luis,21/02/2025,Extinguido (28/02 /2025),32° 34' 7.00'' S,65° 12' 36.80'' O,Chacabuco,"Latitud: 32° 34' 7.00'' S, Longitud: 65° 12' 36.80'' O. - Depto.: Chacabuco. [ Institución: otros. Institución: Polcía Ecológica y Ambiental. Tipo: rrhh. ]"
28/02/2025,Detección 1 - Unión,San Luis,21/02/2025,Extinguido (28/02 /2025),35° 40' 48.00'' S,65° 58' 12.00'' O,Gobernador Dupuy,"Latitud: 35° 40' 48.00'' S, Longitud: 65° 58' 12.00'' O. - Depto.: Gobernador Dupuy. [ Institución: otros. Institución: BB.VV. Unión. Tipo: rrhh. Subtipo: bomberos. ]"
28/02/2025,Detección 2 - Los Cedros,San Luis,21/02/2025,Extinguido (28/02 /2025),34° 7' 12.00'' S,65° 35' 60.00'' O,General Pedernera,"Latitud: 34° 7' 12.00'' S, Longitud: 65° 35' 60.00'' O. - Depto.: General Pedernera. [ Institución: otros. Institución: BB.VV. Justo Daract. Tipo: rrhh. Subtipo: bomberos. ]"
28/02/2025,Detección 3 - Arizona,San Luis,21/02/2025,Extinguido (28/02 /2025),35° 45' 44.08'' S,65° 15' 58.79'' O,Gobernador Dupuy,"Latitud: 35° 45' 44.08'' S, Longitud: 65° 15' 58.79'' O. - Depto.: Gobernador Dupuy. [ Institución: otros. Institución: BB.VV. Buena Esperanza. Tipo: rrhh. Subtipo: bomberos. ]"
28/02/2025,Marrín de Loyola,San Luis,23/02/2025,Extinguido (28/02 /2025),35° 15' 45.29'' S,66° 3' 40.32'' O,Gobernador Dupuy,"Latitud: 35° 15' 45.29'' S, Longitud: 66° 3' 40.32'' O. - Depto.: Gobernador Dupuy. [ Institución: otros. Institución: BB.VV. Unión, Buena Esperanza, Batavia, Justo Daract. Tipo: rrhh. Subtipo: bomberos. ]"
13/08/2025,El Volcán,San Luis,13/08/2025,Extinguido,33° 14' 33.74'' S,66° 10' 29.32'' O,Juan Martín de Pueyrredón,"Latitud: 33° 14' 33.74'' S, Longitud: 66° 10' 29.32'' O. - Depto.: Juan Martín de Pueyrredón. Superficie: 2,00. Bosque Nativo: 33%. Arbustal/Matorral: 33%. Pastizal: 34%. [ Institución: otros. Institución: BB.VV. El Volcán y Potrero de Los Funes. Tipo: rrhh. Subtipo: bomberos. ]"
13/08/2025,Pasos Malos,San Luis,13/08/2025,Contenido,32° 19' 58.00'' S,64° 59' 27.80'' O,Junín,"Latitud: 32° 19' 58.00'' S, Longitud: 64° 59' 27.80'' O. - Depto.: Junín. Bosque Nativo: 33%. Arbustal/Matorral: 33%. Pastizal: 34%. [ Institución: otros. Institución: BB.VV. Merlo, Carpintería, Los Molles, San Pablo, Tilisarao. Tipo: rrhh. Subtipo: bomberos."
14/08/2025,Pasos Malos,San Luis,13/08/2025,Extinguido (14/08 /2025),32° 19' 58.00'' S,64° 59' 27.80'' O,Junín,"Latitud: 32° 19' 58.00'' S, Longitud: 64° 59' 27.80'' O. - Depto.: Junín. Bosque Nativo: 33%. Arbustal/Matorral: 33%. Pastizal: 34%. [ Institución: otros. Institución: BB.VV. Merlo. Tipo: rrhh. Subtipo: bomberos. ]"
15/08/2025,Pasos Malos,San Luis,13/08/2025,Extinguido (15/08 /2025),32° 19' 58.00'' S,64° 59' 27.80'' O,Junín,"Latitud: 32° 19' 58.00'' S, Longitud: 64° 59' 27.80'' O. - Depto.: Junín. Bosque Nativo: 33%. Arbustal/Matorral: 33%. Pastizal: 34%. [ Institución: otros. Institución: BB.VV. Merlo. Tipo: rrhh. Subtipo: bomberos. ]"
22/08/2025,El Caldén,San Luis,22/08/2025,Extinguido (22/08 /2025),31° 53' 53.72'' S,65° 49' 29.81'' O,Ayacucho,"Latitud: 31° 53' 53.72'' S, Longitud: 65° 49' 29.81'' O. - Depto.: Ayacucho. Arbustal/Matorral: 50%. Pastizal: 50%. [ Institución: otros. Institución: BB.VV. Quines. Tipo: rrhh. Subtipo: bomberos. Cantidad: 7. ]"
22/08/2025,Ruta 27 y Ruta 11,San Luis,22/08/2025,Guardia de cenizas,33° 14' 14.02'' S,66° 11' 7.54'' O,Juan Martín de Pueyrredón,"Latitud: 33° 14' 14.02'' S, Longitud: 66° 11' 7.54'' O. - Depto.: Juan Martín de Pueyrredón. Bosque Nativo: 33%. Arbustal/Matorral: 33%. Pastizal: 34%. [ Institución: otros. Institución: BB.VV. Potrero de los Funes, Ea. Grande, El Volcán, BB. PL San Luís. Tipo: rrhh. Subtipo: bomberos. Cantidad: 60. ]"
23/08/2025,Ruta 27 y Ruta 11,San Luis,22/08/2025,Guardia de cenizas,33° 14' 14.02'' S,66° 11' 7.54'' O,Juan Martín de Pueyrredón,"Latitud: 33° 14' 14.02'' S, Longitud: 66° 11' 7.54'' O. - Depto.: Juan Martín de Pueyrredón. Bosque Nativo: 33%. Arbustal/Matorral: 33%. Pastizal: 34%. [ Institución: otros. Institución: BB.VV. Potrero de los Funes, Ea. Grande, El Volcán, BB. PL San Luís. Tipo: rrhh. Subtipo: bomberos. Cantidad: 60. ]"
24/08/2025,Ruta 27 y Ruta 11,San Luis,22/08/2025,Guardia de cenizas,33° 14' 14.02'' S,66° 11' 7.54'' O,Juan Martín de Pueyrredón,"Latitud: 33° 14' 14.02'' S, Longitud: 66° 11' 7.54'' O. - Depto.: Juan Martín de Pueyrredón. Bosque Nativo: 33%. Arbustal/Matorral: 33%. Pastizal: 34%. [ Institución: otros. Institución: BB.VV. Potrero de los Funes, Ea. Grande, El Volcán, BB. PL San Luís. Tipo: rrhh. Subtipo: bomberos. Cantidad: 60. ]"
25/08/2025,Ruta 27 y Ruta 11,San Luis,22/08/2025,Extinguido (25/08 /2025),33° 14' 14.02'' S,66° 11' 7.54'' O,Juan Martín de Pueyrredón,"Latitud: 33° 14' 14.02'' S, Longitud: 66° 11' 7.54'' O. - Depto.: Juan Martín de Pueyrredón. Bosque Nativo: 33%. Arbustal/Matorral: 33%. Pastizal: 34%. [ Institución: otros. Institución: BB.VV. Potrero de los Funes, Ea. Grande, El Volcán, BB. PL San Luís. Tipo: rrhh. Subtipo: bomberos. Cantidad: 60. ]"
22/09/2025,Calle La Brea,San Luis,20/09/2025,Extinguido (22/09 /2025),32° 13' 23.78'' S,65° 49' 6.03'' O,Ayacucho,"Latitud: 32° 13' 23.78'' S, Longitud: 65° 49' 6.03'' O. - Depto.: Ayacucho. Superficie: 4,00. Arbustal/Matorral: 33%. Pastizal: 33%. Otros: 34%. [ Institución: otros. Institución: BB.VV. Quines. Tipo: rrhh. Subtipo: bomberos. Cantidad: 8. ]"
25/09/2025,Justo Daract,San Luis,25/09/2025,Contenido,33° 47' 9.93'' S,65° 9' 35.86'' O,General Pedernera,"Latitud: 33° 47' 9.93'' S, Longitud: 65° 9' 35.86'' O. - Depto.: General Pedernera. Pastizal: 50%. Otros: 50%. [ Institución: otros. Institución: BB.VV. Justo Daract. Tipo: rrhh. Subtipo: bomberos. ]"
25/09/2025,San Francisco del Monte de Oro,San Luis,25/09/2025,Activo,32° 41' 1.68'' S,66° 8' 1.32'' O,Ayacucho,"Latitud: 32° 41' 1.68'' S, Longitud: 66° 8' 1.32'' O. - Depto.: Ayacucho. Bosque Nativo: 33%. Arbustal/Matorral: 33%. Pastizal: 34%. [ Institución: otros. Institución: BB.VV. Lujan. Tipo: rrhh. Subtipo: bomberos. ]"
26/09/2025,Justo Daract,San Luis,25/09/2025,Extinguido (26/09 /2025),33° 47' 9.93'' S,65° 9' 35.86'' O,General Pedernera,"Latitud: 33° 47' 9.93'' S, Longitud: 65° 9' 35.86'' O. - Depto.: General Pedernera."
26/09/2025,San Francisco del Monte de Oro,San Luis,25/09/2025,Extinguido (26/09 /2025),32° 41' 1.68'' S,66° 8' 1.32'' O,Ayacucho,"Latitud: 32° 41' 1.68'' S, Longitud: 66° 8' 1.32'' O. - Depto.: Ayacucho."
1/10/2025,Las Huertas,San Luis,1/10/2025,Activo,32° 22' 51.78'' S,65° 47' 16.37'' O,Libertador General San Martín,"Latitud: 32° 22' 51.78'' S, Longitud: 65° 47' 16.37'' O. - Depto.: Libertador General San Martín. Bosque Nativo: 33%. Arbustal/Matorral: 33%. Pastizal: 34%. [ Institución: otros. Institución: BB.VV San Martín. Tipo: rrhh. Subtipo: bomberos. ] [ Institución: otros. Tipo: aereo. Subtipo: avion_hidrante. Modelo tipo: at_802. ]"
2/10/2025,Las Huertas,San Luis,29/09/2025,Contenido,32° 22' 51.78'' S,65° 47' 16.37'' O,Libertador General San Martín,"Latitud: 32° 22' 51.78'' S, Longitud: 65° 47' 16.37'' O. - Depto.: Libertador General San Martín. [ Institución: otros. Tipo: rrhh. Subtipo: bomberos. ] [ Institución: snmf. Tipo: aereo. Subtipo: avion_hidrante. Modelo tipo: at_802. Cantidad: 1. ]"
3/10/2025,Las Huertas,San Luis,1/10/2025,Extinguido (03/10 /2025),32° 22' 51.78'' S,65° 47' 16.37'' O,Libertador General San Martín,"Latitud: 32° 22' 51.78'' S, Longitud: 65° 47' 16.37'' O. - Depto.: Libertador General San Martín. [ Institución: snmf. Institución: BBVV San Martín. Tipo: rrhh. Subtipo: bomberos. ]"
14/10/2025,Cortaderas,San Luis,14/10/2025,Activo,32° 33' 28.08'' S,64° 58' 27.84'' O,Chacabuco,"Latitud: 32° 33' 28.08'' S, Longitud: 64° 58' 27.84'' O. - Depto.: Chacabuco. [ Institución: otros. Tipo: rrhh. Subtipo: bomberos. ]"
15/10/2025,Cortaderas,San Luis,14/10/2025,Contenido,32° 33' 28.08'' S,64° 58' 27.84'' O,Chacabuco,"Latitud: 32° 33' 28.08'' S, Longitud: 64° 58' 27.84'' O. - Depto.: Chacabuco. [ Institución: otros. Tipo: rrhh. Subtipo: bomberos. ]"
16/10/2025,Cortaderas,San Luis,14/10/2025,Controlado,32° 33' 28.08'' S,64° 58' 27.84'' O,Chacabuco,"Latitud: 32° 33' 28.08'' S, Longitud: 64° 58' 27.84'' O. - Depto.: Chacabuco. Bosque Nativo: 30%. Arbustal/Matorral: 40%. Pastizal: 30%. [ Institución: otros. Institución: BB.VV. Cortaderas, Villa Larce, Los Molles, Carpintería y Merlo. Tipo: rrhh. Subtipo: bomberos. ]"
17/10/2025,Cortaderas,San Luis,14/10/2025,Extinguido (17/10 /2025),32° 33' 28.08'' S,64° 58' 27.84'' O,Chacabuco,"Latitud: 32° 33' 28.08'' S, Longitud: 64° 58' 27.84'' O. - Depto.: Chacabuco."
28/11/2025,Las Aguadas,San Luis,24/11/2025,Controlado,32° 18' 57.24'' S,65° 28' 56.64'' O,Libertador General San Martín,"Latitud: 32° 18' 57.24'' S, Longitud: 65° 28' 56.64'' O. - Depto.: Libertador General San Martín. [ Institución: otros. Institución: BB.VV. San Martín, Merlo, Tilisdarao, San Pablo y Concarán. Tipo: rrhh. Subtipo: bomberos. ] [ Institución: snmf. Tipo: aereo. Subtipo: avion_hidrante. Modelo tipo: at_802. Cantidad: 1. ]"
29/11/2025,Las Aguadas,San Luis,24/11/2025,Controlado,32° 18' 57.24'' S,65° 28' 56.64'' O,Libertador General San Martín,"Latitud: 32° 18' 57.24'' S, Longitud: 65° 28' 56.64'' O. - Depto.: Libertador General San Martín. [ Institución: otros. Institución: BB.VV. San Martín, Merlo, Tilisdarao, San Pablo y Concarán. Tipo: rrhh. Subtipo: bomberos. ] [ Institución: snmf. Tipo: aereo. Subtipo: avion_hidrante. Modelo tipo: at_802. Cantidad: 1. ]"
30/11/2025,Las Aguadas,San Luis,24/11/2025,Controlado,32° 18' 57.24'' S,65° 28' 56.64'' O,Libertador General San Martín,"Latitud: 32° 18' 57.24'' S, Longitud: 65° 28' 56.64'' O. - Depto.: Libertador General San Martín. [ Institución: otros. Tipo: rrhh. Subtipo: pobladores. ] [ Institución: snmf. Tipo: aereo. Subtipo: avion_hidrante. Modelo tipo: at_802. Cantidad: 1. ] [ Institución: snmf. Tipo: aereo. Subtipo: helicoptero. Modelo tipo: bell_407. Cantidad: 1. ]"
1/12/2025,Las Aguadas,San Luis,24/11/2025,Controlado,32° 18' 57.24'' S,65° 28' 56.64'' O,Libertador General San Martín,"Latitud: 32° 18' 57.24'' S, Longitud: 65° 28' 56.64'' O. - Depto.: Libertador General San Martín. Trabajan: BB.VV. San Martín, Merlo, Tilisdarao, San Pablo y Concarán, 1AT-802 AFE/SNMF"
2/12/2025,Las Aguadas,San Luis,24/11/2025,Controlado,32° 18' 57.24'' S,65° 28' 56.64'' O,Libertador General San Martín,"Latitud: 32° 18' 57.24'' S, Longitud: 65° 28' 56.64'' O. - Depto.: Libertador General San Martín. [ Institución: otros. Institución: BB.VV. San Martín, Merlo, Tilisdarao, San Pablo y Concarán. Tipo: rrhh. Subtipo: bomberos. ] [ Institución: snmf. Tipo: aereo. Subtipo: avion_hidrante. Modelo tipo: at_802. Cantidad: 1. ]"
3/12/2025,Anchorena,San Luis,25/11/2025,Extinguido (03/12 /2025),35° 46' 57.00'' S,65° 39' 15.00'' O,Gobernador Dupuy,"Latitud: 35° 46' 57.00'' S, Longitud: 65° 39' 15.00'' O. - Depto.: Gobernador Dupuy. Superficie: 8531,00."
3/12/2025,Las Aguadas,San Luis,24/11/2025,Controlado,32° 18' 57.24'' S,65° 28' 56.64'' O,Libertador General San Martín,"Latitud: 32° 18' 57.24'' S, Longitud: 65° 28' 56.64'' O. - Depto.: Libertador General San Martín. Bosque Nativo: 40%. Bosque Implantado: 30%. Pastizal: 30%. [ Institución: otros. Institución: BB.VV. San Martín, Merlo, Tilisdarao, San Pablo y Concarán. Tipo: rrhh. Subtipo: bomberos. ] [ Institución: otros. Institución: AT-802. Tipo: aereo. Subtipo: avion_hidrante. Modelo tipo: at_802. Cantidad: 1. ]"
4/12/2025,Las Aguadas,San Luis,24/11/2025,Extinguido (05/12/2025),32° 18' 57.24'' S,65° 28' 56.64'' O,Libertador General San Martín,"Latitud: 32° 18' 57.24'' S, Longitud: 65° 28' 56.64'' O. - Depto.: Libertador General San Martín. [ Institución: otros. Institución: BB.VV. San Martín, Merlo, Tilisdarao, San Pablo y Concarán. Tipo: rrhh. Subtipo: bomberos. ]"
26/12/2025,Las Aguadas,San Luis,24/11/2025,Controlado,32° 18' 57.24'' S,65° 28' 56.64'' O,Libertador General San Martín,"Latitud: 32° 18' 57.24'' S, Longitud: 65° 28' 56.64'' O. - Depto.: Libertador General San Martín. [ Institución: snmf. Tipo: aereo. Subtipo: avion_hidrante. Modelo tipo: at_802. Cantidad: 1. ] [ Institución: otros. Institución: BB.VV. San Martín, Merlo, Tilisdarao, San Pablo y Concarán. Tipo: rrhh. Subtipo: bomberos. ]"
27/12/2025,Las Aguadas,San Luis,24/11/2025,Controlado,32° 18' 57.24'' S,65° 28' 56.64'' O,Libertador General San Martín,"Latitud: 32° 18' 57.24'' S, Longitud: 65° 28' 56.64'' O. - Depto.: Libertador General San Martín. Bosque Nativo: 30%. Arbustal/Matorral: 30%. Pastizal: 40%. [ Institución: otros. Institución: BB.VV. San Martín, Merlo, Tilisdarao, San Pablo y Concarán. Tipo: rrhh. Subtipo: bomberos. ] [ Institución: snmf. Institución: AT-802. Tipo: aereo. Subtipo: avion_hidrante. Modelo tipo: at_802. Cantidad: 1. ]"